Year,BOM_id,Movie,W_01,W_02,W_03,W_04,W_05,W_06,W_07,W_08,W_09,W_10,W_11,W_12,W_13,W_14,W_15,W_16,W_17,W_18,W_19,W_20,W_21,W_22,W_23,W_24,W_25,W_26,W_27,W_28,W_29,W_30,W_31,W_32,W_33,W_34,W_35,W_36,W_37,W_38,W_39,W_40,W_41,W_42,W_43,W_44,W_45,W_46,W_47,W_48,W_49,W_50,W_51,W_52,T_01,T_02,T_03,T_04,T_05,T_06,T_07,T_08,T_09,T_10,T_11,T_12,T_13,T_14,T_15,T_16,T_17,T_18,T_19,T_20,T_21,T_22,T_23,T_24,T_25,T_26,T_27,T_28,T_29,T_30,T_31,T_32,T_33,T_34,T_35,T_36,T_37,T_38,T_39,T_40,T_41,T_42,T_43,T_44,T_45,T_46,T_47,T_48,T_49,T_50,T_51,T_52
16,starwars2016,Rogue One: A Star Wars Story,221999674,153379031,79922649,29790380,20073829,9760010,6783939,3957456,2144500,1209076,584248,303608,337132,621967,604997,332379,198072,88962,50995,34420,0,0,0,0,0,0,0,0,0,0,0,0,0,0,0,0,0,0,0,0,0,0,0,0,0,0,0,0,0,0,0,0,221999674,375378705,455301354,485091734,505165563,514925573,521709512,525666968,527811468,529020544,529604792,529908400,530245532,530867499,531472496,531804875,532002947,532091909,532142904,532177324,532177324,532177324,532177324,532177324,532177324,532177324,532177324,532177324,532177324,532177324,532177324,532177324,532177324,532177324,532177324,532177324,532177324,532177324,532177324,532177324,532177324,532177324,532177324,532177324,532177324,532177324,532177324,532177324,532177324,532177324,532177324,532177324
16,marvel2016,Captain America: Civil War,223329078,90947075,43199796,23873208,11207990,6423822,3507761,2159658,1284776,461030,292151,178878,124873,338687,288182,130199,121770,166209,32380,16826,0,0,0,0,0,0,0,0,0,0,0,0,0,0,0,0,0,0,0,0,0,0,0,0,0,0,0,0,0,0,0,0,223329078,314276153,357475948,381349157,392557148,398980969,402488730,404648388,405933164,406394194,406686345,406865223,406990096,407328783,407616965,407747164,407868934,408035143,408067523,408084349,408084349,408084349,408084349,408084349,408084349,408084349,408084349,408084349,408084349,408084349,408084349,408084349,408084349,408084349,408084349,408084349,408084349,408084349,408084349,408084349,408084349,408084349,408084349,408084349,408084349,408084349,408084349,408084349,408084349,408084349,408084349,408084349
16,junglebook2015,The Jungle Book (2016),130674426,78982374,53455465,30883845,22484455,15031344,11710752,6706028,4491962,2363140,2050807,1076285,424480,894534,681012,517355,372302,291457,182026,421393,186315,65427,35423,18516,0,0,0,0,0,0,0,0,0,0,0,0,0,0,0,0,0,0,0,0,0,0,0,0,0,0,0,0,130674426,209656800,263112265,293996110,316480565,331511909,343222661,349928689,354420651,356783791,358834598,359910883,360335363,361229897,361910909,362428264,362800566,363092023,363274049,363695442,363881757,363947184,363982606,364001123,364001123,364001123,364001123,364001123,364001123,364001123,364001123,364001123,364001123,364001123,364001123,364001123,364001123,364001123,364001123,364001123,364001123,364001123,364001123,364001123,364001123,364001123,364001123,364001123,364001123,364001123,364001123,364001123
16,disney2016,Zootopia,92615126,71150371,53643912,38529901,25720172,17584274,10580850,8687883,6435501,4066449,3686089,2343117,1386037,1211837,917970,1529653,462677,303428,217299,124232,60416,11054,0,0,0,0,0,0,0,0,0,0,0,0,0,0,0,0,0,0,0,0,0,0,0,0,0,0,0,0,0,0,92615126,163765497,217409409,255939310,281659482,299243756,309824606,318512489,324947990,329014439,332700528,335043645,336429682,337641519,338559489,340089142,340551819,340855247,341072546,341196778,341257194,341268248,341268248,341268248,341268248,341268248,341268248,341268248,341268248,341268248,341268248,341268248,341268248,341268248,341268248,341268248,341268248,341268248,341268248,341268248,341268248,341268248,341268248,341268248,341268248,341268248,341268248,341268248,341268248,341268248,341268248,341268248
16,dc2016,Suicide Squad,179104728,62468607,29199292,16644689,14340537,7314479,5951011,3917286,2483295,1536755,925284,504589,384864,324638,0,0,0,0,0,0,0,0,0,0,0,0,0,0,0,0,0,0,0,0,0,0,0,0,0,0,0,0,0,0,0,0,0,0,0,0,0,0,179104728,241573335,270772627,287417316,301757853,309072332,315023343,318940629,321423924,322960679,323885963,324390552,324775416,325100054,325100054,325100054,325100054,325100054,325100054,325100054,325100054,325100054,325100054,325100054,325100054,325100054,325100054,325100054,325100054,325100054,325100054,325100054,325100054,325100054,325100054,325100054,325100054,325100054,325100054,325100054,325100054,325100054,325100054,325100054,325100054,325100054,325100054,325100054,325100054,325100054,325100054,325100054
16,disney1116,Moana,25448873,66066457,34651263,24028152,22837446,26026848,19922143,8324943,6968577,3415894,3068919,1695351,1000096,1744960,1052480,803830,645466,457657,288422,154507,86830,45207,22723,0,0,0,0,0,0,0,0,0,0,0,0,0,0,0,0,0,0,0,0,0,0,0,0,0,0,0,0,0,25448873,91515330,126166593,150194745,173032191,199059039,218981182,227306125,234274702,237690596,240759515,242454866,243454962,245199922,246252402,247056232,247701698,248159355,248447777,248602284,248689114,248734321,248757044,248757044,248757044,248757044,248757044,248757044,248757044,248757044,248757044,248757044,248757044,248757044,248757044,248757044,248757044,248757044,248757044,248757044,248757044,248757044,248757044,248757044,248757044,248757044,248757044,248757044,248757044,248757044,248757044,248757044
16,marvel716,Doctor Strange,109982169,53884708,28174050,16782250,8908269,6318581,3568939,1842344,1129608,444490,309972,185753,141910,325763,259585,186635,106892,60602,29400,0,0,0,0,0,0,0,0,0,0,0,0,0,0,0,0,0,0,0,0,0,0,0,0,0,0,0,0,0,0,0,0,0,109982169,163866877,192040927,208823177,217731446,224050027,227618966,229461310,230590918,231035408,231345380,231531133,231673043,231998806,232258391,232445026,232551918,232612520,232641920,232641920,232641920,232641920,232641920,232641920,232641920,232641920,232641920,232641920,232641920,232641920,232641920,232641920,232641920,232641920,232641920,232641920,232641920,232641920,232641920,232641920,232641920,232641920,232641920,232641920,232641920,232641920,232641920,232641920,232641920,232641920,232641920,232641920
16,bourne5,Jason Bourne,80706020,32456325,19740940,11223950,7043420,5810635,2328625,1464625,715960,294095,187810,116090,104425,84790,72600,47540,19710,7865,4970,2620,1395,0,0,0,0,0,0,0,0,0,0,0,0,0,0,0,0,0,0,0,0,0,0,0,0,0,0,0,0,0,0,0,80706020,113162345,132903285,144127235,151170655,156981290,159309915,160774540,161490500,161784595,161972405,162088495,162192920,162277710,162350310,162397850,162417560,162425425,162430395,162433015,162434410,162434410,162434410,162434410,162434410,162434410,162434410,162434410,162434410,162434410,162434410,162434410,162434410,162434410,162434410,162434410,162434410,162434410,162434410,162434410,162434410,162434410,162434410,162434410,162434410,162434410,162434410,162434410,162434410,162434410,162434410,162434410
16,x-men2016,X-Men: Apocalypse,94173232,32200963,14473641,7804155,3945464,1492022,618612,441421,292979,0,0,0,0,0,0,0,0,0,0,0,0,0,0,0,0,0,0,0,0,0,0,0,0,0,0,0,0,0,0,0,0,0,0,0,0,0,0,0,0,0,0,0,94173232,126374195,140847836,148651991,152597455,154089477,154708089,155149510,155442489,155442489,155442489,155442489,155442489,155442489,155442489,155442489,155442489,155442489,155442489,155442489,155442489,155442489,155442489,155442489,155442489,155442489,155442489,155442489,155442489,155442489,155442489,155442489,155442489,155442489,155442489,155442489,155442489,155442489,155442489,155442489,155442489,155442489,155442489,155442489,155442489,155442489,155442489,155442489,155442489,155442489,155442489,155442489
16,lalaland,La La Land,1240166,6642545,16832488,16941388,17924982,21748928,13128875,16397552,10153421,7993721,7255999,6449297,3966227,2558595,799503,292904,197465,256782,178692,142273,0,0,0,0,0,0,0,0,0,0,0,0,0,0,0,0,0,0,0,0,0,0,0,0,0,0,0,0,0,0,0,0,1240166,7882711,24715199,41656587,59581569,81330497,94459372,110856924,121010345,129004066,136260065,142709362,146675589,149234184,150033687,150326591,150524056,150780838,150959530,151101803,151101803,151101803,151101803,151101803,151101803,151101803,151101803,151101803,151101803,151101803,151101803,151101803,151101803,151101803,151101803,151101803,151101803,151101803,151101803,151101803,151101803,151101803,151101803,151101803,151101803,151101803,151101803,151101803,151101803,151101803,151101803,151101803
16,ghostbusters2016,Ghostbusters (2016),65256739,31114732,15540465,7497066,3451432,1542187,772006,1528268,356692,256397,168255,299516,249620,150603,88783,52351,25462,0,0,0,0,0,0,0,0,0,0,0,0,0,0,0,0,0,0,0,0,0,0,0,0,0,0,0,0,0,0,0,0,0,0,0,65256739,96371471,111911936,119409002,122860434,124402621,125174627,126702895,127059587,127315984,127484239,127783755,128033375,128183978,128272761,128325112,128350574,128350574,128350574,128350574,128350574,128350574,128350574,128350574,128350574,128350574,128350574,128350574,128350574,128350574,128350574,128350574,128350574,128350574,128350574,128350574,128350574,128350574,128350574,128350574,128350574,128350574,128350574,128350574,128350574,128350574,128350574,128350574,128350574,128350574,128350574,128350574
16,tarzan2016,The Legend of Tarzan,60797712,31132545,17463827,10057126,3798814,1258664,550026,541367,411902,396647,234431,0,0,0,0,0,0,0,0,0,0,0,0,0,0,0,0,0,0,0,0,0,0,0,0,0,0,0,0,0,0,0,0,0,0,0,0,0,0,0,0,0,60797712,91930257,109394084,119451210,123250024,124508688,125058714,125600081,126011983,126408630,126643061,126643061,126643061,126643061,126643061,126643061,126643061,126643061,126643061,126643061,126643061,126643061,126643061,126643061,126643061,126643061,126643061,126643061,126643061,126643061,126643061,126643061,126643061,126643061,126643061,126643061,126643061,126643061,126643061,126643061,126643061,126643061,126643061,126643061,126643061,126643061,126643061,126643061,126643061,126643061,126643061,126643061
16,untitledlucasmoore,Bad Moms,36846830,23164463,17721135,11960807,8093959,6909072,3548662,2427624,1366908,641379,277433,169765,129260,0,0,0,0,0,0,0,0,0,0,0,0,0,0,0,0,0,0,0,0,0,0,0,0,0,0,0,0,0,0,0,0,0,0,0,0,0,0,0,36846830,60011293,77732428,89693235,97787194,104696266,108244928,110672552,112039460,112680839,112958272,113128038,113257297,113257297,113257297,113257297,113257297,113257297,113257297,113257297,113257297,113257297,113257297,113257297,113257297,113257297,113257297,113257297,113257297,113257297,113257297,113257297,113257297,113257297,113257297,113257297,113257297,113257297,113257297,113257297,113257297,113257297,113257297,113257297,113257297,113257297,113257297,113257297,113257297,113257297,113257297,113257297
16,id42,Independence Day: Resurgence,56157073,27638509,11270861,5257882,1346315,459312,277005,227623,172907,91566,221482,23751,0,0,0,0,0,0,0,0,0,0,0,0,0,0,0,0,0,0,0,0,0,0,0,0,0,0,0,0,0,0,0,0,0,0,0,0,0,0,0,0,56157073,83795582,95066443,100324325,101670640,102129952,102406957,102634580,102807487,102899053,103120535,103144286,103144286,103144286,103144286,103144286,103144286,103144286,103144286,103144286,103144286,103144286,103144286,103144286,103144286,103144286,103144286,103144286,103144286,103144286,103144286,103144286,103144286,103144286,103144286,103144286,103144286,103144286,103144286,103144286,103144286,103144286,103144286,103144286,103144286,103144286,103144286,103144286,103144286,103144286,103144286,103144286
16,arrival2016,Arrival,31570799,19536764,14670951,10073194,7841659,4608991,2529974,2430190,1258058,829052,505567,1986436,1116100,644535,488193,322315,133361,0,0,0,0,0,0,0,0,0,0,0,0,0,0,0,0,0,0,0,0,0,0,0,0,0,0,0,0,0,0,0,0,0,0,0,31570799,51107563,65778514,75851708,83693367,88302358,90832332,93262522,94520580,95349632,95855199,97841635,98957735,99602270,100090463,100412778,100546139,100546139,100546139,100546139,100546139,100546139,100546139,100546139,100546139,100546139,100546139,100546139,100546139,100546139,100546139,100546139,100546139,100546139,100546139,100546139,100546139,100546139,100546139,100546139,100546139,100546139,100546139,100546139,100546139,100546139,100546139,100546139,100546139,100546139,100546139,100546139
16,sausageparty,Sausage Party,50001019,22342491,10802614,7736455,3252282,1686731,769807,262752,692522,69858,30613,23214,15328,0,0,0,0,0,0,0,0,0,0,0,0,0,0,0,0,0,0,0,0,0,0,0,0,0,0,0,0,0,0,0,0,0,0,0,0,0,0,0,50001019,72343510,83146124,90882579,94134861,95821592,96591399,96854151,97546673,97616531,97647144,97670358,97685686,97685686,97685686,97685686,97685686,97685686,97685686,97685686,97685686,97685686,97685686,97685686,97685686,97685686,97685686,97685686,97685686,97685686,97685686,97685686,97685686,97685686,97685686,97685686,97685686,97685686,97685686,97685686,97685686,97685686,97685686,97685686,97685686,97685686,97685686,97685686,97685686,97685686,97685686,97685686
16,ridealong2,Ride Along 2,46150040,16279650,10257140,5844405,5754245,2701005,1811380,892780,558700,333820,169155,110365,79680,60375,67050,52820,33610,24190,21620,12190,6275,1335,0,0,0,0,0,0,0,0,0,0,0,0,0,0,0,0,0,0,0,0,0,0,0,0,0,0,0,0,0,0,46150040,62429690,72686830,78531235,84285480,86986485,88797865,89690645,90249345,90583165,90752320,90862685,90942365,91002740,91069790,91122610,91156220,91180410,91202030,91214220,91220495,91221830,91221830,91221830,91221830,91221830,91221830,91221830,91221830,91221830,91221830,91221830,91221830,91221830,91221830,91221830,91221830,91221830,91221830,91221830,91221830,91221830,91221830,91221830,91221830,91221830,91221830,91221830,91221830,91221830,91221830,91221830
16,peregrine,Miss Peregrine's Home for Peculiar Children,36053483,20879306,11499046,7472345,5330209,2712718,1440534,533756,292022,212666,176268,159024,135390,133224,71377,68755,41211,22027,9473,0,0,0,0,0,0,0,0,0,0,0,0,0,0,0,0,0,0,0,0,0,0,0,0,0,0,0,0,0,0,0,0,0,36053483,56932789,68431835,75904180,81234389,83947107,85387641,85921397,86213419,86426085,86602353,86761377,86896767,87029991,87101368,87170123,87211334,87233361,87242834,87242834,87242834,87242834,87242834,87242834,87242834,87242834,87242834,87242834,87242834,87242834,87242834,87242834,87242834,87242834,87242834,87242834,87242834,87242834,87242834,87242834,87242834,87242834,87242834,87242834,87242834,87242834,87242834,87242834,87242834,87242834,87242834,87242834
16,tmnt2016,Teenage Mutant Ninja Turtles: Out of the Shadows,46239783,20489791,7987981,4029947,1336299,502116,385544,184561,347327,209377,147930,82746,55421,52778,0,0,0,0,0,0,0,0,0,0,0,0,0,0,0,0,0,0,0,0,0,0,0,0,0,0,0,0,0,0,0,0,0,0,0,0,0,0,46239783,66729574,74717555,78747502,80083801,80585917,80969883,81156022,81503349,81712726,81860656,81943402,81998823,82051601,82051601,82051601,82051601,82051601,82051601,82051601,82051601,82051601,82051601,82051601,82051601,82051601,82051601,82051601,82051601,82051601,82051601,82051601,82051601,82051601,82051601,82051601,82051601,82051601,82051601,82051601,82051601,82051601,82051601,82051601,82051601,82051601,82051601,82051601,82051601,82051601,82051601,82051601
16,alice2,Alice Through the Looking Glass,40081597,16811014,8810313,6723939,2853466,626667,344858,158527,90366,251774,160283,84790,28096,15691,0,0,0,0,0,0,0,0,0,0,0,0,0,0,0,0,0,0,0,0,0,0,0,0,0,0,0,0,0,0,0,0,0,0,0,0,0,0,40081597,56892611,65702924,72426863,75280329,75906996,76251854,76410381,76500747,76752521,76912804,76997594,77025690,77041381,77041381,77041381,77041381,77041381,77041381,77041381,77041381,77041381,77041381,77041381,77041381,77041381,77041381,77041381,77041381,77041381,77041381,77041381,77041381,77041381,77041381,77041381,77041381,77041381,77041381,77041381,77041381,77041381,77041381,77041381,77041381,77041381,77041381,77041381,77041381,77041381,77041381,77041381
16,thegirlonthetrain2016,The Girl on the Train (2016),34583595,17048735,10016150,6308885,3745765,2177975,780470,292540,192475,123475,77325,47645,0,0,0,0,0,0,0,0,0,0,0,0,0,0,0,0,0,0,0,0,0,0,0,0,0,0,0,0,0,0,0,0,0,0,0,0,0,0,0,0,34583595,51632330,61648480,67957365,71703130,73881105,74661575,74954115,75146590,75270065,75347390,75395035,75395035,75395035,75395035,75395035,75395035,75395035,75395035,75395035,75395035,75395035,75395035,75395035,75395035,75395035,75395035,75395035,75395035,75395035,75395035,75395035,75395035,75395035,75395035,75395035,75395035,75395035,75395035,75395035,75395035,75395035,75395035,75395035,75395035,75395035,75395035,75395035,75395035,75395035,75395035,75395035
16,storks,Storks,25011274,16657220,11875552,7085482,4830084,3507892,1308230,544801,281834,159273,250554,229022,283955,295225,247094,111786,0,0,0,0,0,0,0,0,0,0,0,0,0,0,0,0,0,0,0,0,0,0,0,0,0,0,0,0,0,0,0,0,0,0,0,0,25011274,41668494,53544046,60629528,65459612,68967504,70275734,70820535,71102369,71261642,71512196,71741218,72025173,72320398,72567492,72679278,72679278,72679278,72679278,72679278,72679278,72679278,72679278,72679278,72679278,72679278,72679278,72679278,72679278,72679278,72679278,72679278,72679278,72679278,72679278,72679278,72679278,72679278,72679278,72679278,72679278,72679278,72679278,72679278,72679278,72679278,72679278,72679278,72679278,72679278,72679278,72679278
16,newline0116,Lights Out,32067032,16642220,9205566,4705558,2178075,881827,770415,395367,259328,163447,0,0,0,0,0,0,0,0,0,0,0,0,0,0,0,0,0,0,0,0,0,0,0,0,0,0,0,0,0,0,0,0,0,0,0,0,0,0,0,0,0,0,32067032,48709252,57914818,62620376,64798451,65680278,66450693,66846060,67105388,67268835,67268835,67268835,67268835,67268835,67268835,67268835,67268835,67268835,67268835,67268835,67268835,67268835,67268835,67268835,67268835,67268835,67268835,67268835,67268835,67268835,67268835,67268835,67268835,67268835,67268835,67268835,67268835,67268835,67268835,67268835,67268835,67268835,67268835,67268835,67268835,67268835,67268835,67268835,67268835,67268835,67268835,67268835
16,allegiant,The Divergent Series: Allegiant,37105496,13554228,7569842,4411595,1762155,835808,373342,150326,117236,174173,129850,0,0,0,0,0,0,0,0,0,0,0,0,0,0,0,0,0,0,0,0,0,0,0,0,0,0,0,0,0,0,0,0,0,0,0,0,0,0,0,0,0,37105496,50659724,58229566,62641161,64403316,65239124,65612466,65762792,65880028,66054201,66184051,66184051,66184051,66184051,66184051,66184051,66184051,66184051,66184051,66184051,66184051,66184051,66184051,66184051,66184051,66184051,66184051,66184051,66184051,66184051,66184051,66184051,66184051,66184051,66184051,66184051,66184051,66184051,66184051,66184051,66184051,66184051,66184051,66184051,66184051,66184051,66184051,66184051,66184051,66184051,66184051,66184051
16,iceage5,Ice Age: Collision Course,31609623,17630174,7433474,3255019,1278439,699301,992010,327296,284596,215372,148188,100094,48805,27624,12993,0,0,0,0,0,0,0,0,0,0,0,0,0,0,0,0,0,0,0,0,0,0,0,0,0,0,0,0,0,0,0,0,0,0,0,0,0,31609623,49239797,56673271,59928290,61206729,61906030,62898040,63225336,63509932,63725304,63871492,63973586,64022391,64050015,64063008,64063008,64063008,64063008,64063008,64063008,64063008,64063008,64063008,64063008,64063008,64063008,64063008,64063008,64063008,64063008,64063008,64063008,64063008,64063008,64063008,64063008,64063008,64063008,64063008,64063008,64063008,64063008,64063008,64063008,64063008,64063008,64063008,64063008,64063008,64063008,64063008,64063008
16,londonhasfallen,London Has Fallen,28182052,15013768,9493037,4487115,2614141,1309093,430481,268561,193423,123627,189720,135798,83444,0,0,0,0,0,0,0,0,0,0,0,0,0,0,0,0,0,0,0,0,0,0,0,0,0,0,0,0,0,0,0,0,0,0,0,0,0,0,0,28182052,43195820,52688857,57175972,59790113,61099206,61529687,61798248,61991671,62115298,62305018,62440816,62524260,62524260,62524260,62524260,62524260,62524260,62524260,62524260,62524260,62524260,62524260,62524260,62524260,62524260,62524260,62524260,62524260,62524260,62524260,62524260,62524260,62524260,62524260,62524260,62524260,62524260,62524260,62524260,62524260,62524260,62524260,62524260,62524260,62524260,62524260,62524260,62524260,62524260,62524260,62524260
16,deepwaterhorizon,Deepwater Horizon,26768388,16216944,8660339,4614574,2908893,1021149,511374,227288,244085,152987,107506,0,0,0,0,0,0,0,0,0,0,0,0,0,0,0,0,0,0,0,0,0,0,0,0,0,0,0,0,0,0,0,0,0,0,0,0,0,0,0,0,0,26768388,42985332,51645671,56260245,59169138,60190287,60701661,60928949,61173034,61326021,61433527,61433527,61433527,61433527,61433527,61433527,61433527,61433527,61433527,61433527,61433527,61433527,61433527,61433527,61433527,61433527,61433527,61433527,61433527,61433527,61433527,61433527,61433527,61433527,61433527,61433527,61433527,61433527,61433527,61433527,61433527,61433527,61433527,61433527,61433527,61433527,61433527,61433527,61433527,61433527,61433527,61433527
16,mybigfatgreekwedding2,My Big Fat Greek Wedding 2,25363730,14969090,8502670,4439250,2912060,1455865,845225,695475,506240,0,0,0,0,0,0,0,0,0,0,0,0,0,0,0,0,0,0,0,0,0,0,0,0,0,0,0,0,0,0,0,0,0,0,0,0,0,0,0,0,0,0,0,25363730,40332820,48835490,53274740,56186800,57642665,58487890,59183365,59689605,59689605,59689605,59689605,59689605,59689605,59689605,59689605,59689605,59689605,59689605,59689605,59689605,59689605,59689605,59689605,59689605,59689605,59689605,59689605,59689605,59689605,59689605,59689605,59689605,59689605,59689605,59689605,59689605,59689605,59689605,59689605,59689605,59689605,59689605,59689605,59689605,59689605,59689605,59689605,59689605,59689605,59689605,59689605
16,fences,Fences,191515,19510629,16261120,7169098,4367322,1879925,2046411,1794707,1126242,1429319,1035497,426694,232233,96156,116036,0,0,0,0,0,0,0,0,0,0,0,0,0,0,0,0,0,0,0,0,0,0,0,0,0,0,0,0,0,0,0,0,0,0,0,0,0,191515,19702144,35963264,43132362,47499684,49379609,51426020,53220727,54346969,55776288,56811785,57238479,57470712,57566868,57682904,57682904,57682904,57682904,57682904,57682904,57682904,57682904,57682904,57682904,57682904,57682904,57682904,57682904,57682904,57682904,57682904,57682904,57682904,57682904,57682904,57682904,57682904,57682904,57682904,57682904,57682904,57682904,57682904,57682904,57682904,57682904,57682904,57682904,57682904,57682904,57682904,57682904
16,bfg,The BFG,31134762,12454849,6353446,1745228,808486,533767,473943,501138,425568,467488,212346,162993,114661,63104,31991,0,0,0,0,0,0,0,0,0,0,0,0,0,0,0,0,0,0,0,0,0,0,0,0,0,0,0,0,0,0,0,0,0,0,0,0,0,31134762,43589611,49943057,51688285,52496771,53030538,53504481,54005619,54431187,54898675,55111021,55274013,55388675,55451779,55483770,55483770,55483770,55483770,55483770,55483770,55483770,55483770,55483770,55483770,55483770,55483770,55483770,55483770,55483770,55483770,55483770,55483770,55483770,55483770,55483770,55483770,55483770,55483770,55483770,55483770,55483770,55483770,55483770,55483770,55483770,55483770,55483770,55483770,55483770,55483770,55483770,55483770
16,theshallows,The Shallows,26251647,14773632,7369810,4593036,957529,273093,61823,165296,104534,286958,153993,64356,45895,22441,0,0,0,0,0,0,0,0,0,0,0,0,0,0,0,0,0,0,0,0,0,0,0,0,0,0,0,0,0,0,0,0,0,0,0,0,0,0,26251647,41025279,48395089,52988125,53945654,54218747,54280570,54445866,54550400,54837358,54991351,55055707,55101602,55124043,55124043,55124043,55124043,55124043,55124043,55124043,55124043,55124043,55124043,55124043,55124043,55124043,55124043,55124043,55124043,55124043,55124043,55124043,55124043,55124043,55124043,55124043,55124043,55124043,55124043,55124043,55124043,55124043,55124043,55124043,55124043,55124043,55124043,55124043,55124043,55124043,55124043,55124043
16,assassinscreed,Assassin's Creed,7492398,23551120,14662265,5797858,1979315,451807,269501,191468,133680,75808,28924,13804,0,0,0,0,0,0,0,0,0,0,0,0,0,0,0,0,0,0,0,0,0,0,0,0,0,0,0,0,0,0,0,0,0,0,0,0,0,0,0,0,7492398,31043518,45705783,51503641,53482956,53934763,54204264,54395732,54529412,54605220,54634144,54647948,54647948,54647948,54647948,54647948,54647948,54647948,54647948,54647948,54647948,54647948,54647948,54647948,54647948,54647948,54647948,54647948,54647948,54647948,54647948,54647948,54647948,54647948,54647948,54647948,54647948,54647948,54647948,54647948,54647948,54647948,54647948,54647948,54647948,54647948,54647948,54647948,54647948,54647948,54647948,54647948
16,13hoursthesecretsoldiersofbenghazi,13 Hours: The Secret Soldiers of Benghazi,23733429,12840416,8318747,4054423,2128663,879538,413278,219360,168395,96970,0,0,0,0,0,0,0,0,0,0,0,0,0,0,0,0,0,0,0,0,0,0,0,0,0,0,0,0,0,0,0,0,0,0,0,0,0,0,0,0,0,0,23733429,36573845,44892592,48947015,51075678,51955216,52368494,52587854,52756249,52853219,52853219,52853219,52853219,52853219,52853219,52853219,52853219,52853219,52853219,52853219,52853219,52853219,52853219,52853219,52853219,52853219,52853219,52853219,52853219,52853219,52853219,52853219,52853219,52853219,52853219,52853219,52853219,52853219,52853219,52853219,52853219,52853219,52853219,52853219,52853219,52853219,52853219,52853219,52853219,52853219,52853219,52853219
16,huntsman,The Huntsman: Winter's War,24596025,12187595,5175630,3519440,1652055,537215,198610,136445,94275,96505,74245,82640,27050,11365,1095,0,0,0,0,0,0,0,0,0,0,0,0,0,0,0,0,0,0,0,0,0,0,0,0,0,0,0,0,0,0,0,0,0,0,0,0,0,24596025,36783620,41959250,45478690,47130745,47667960,47866570,48003015,48097290,48193795,48268040,48350680,48377730,48389095,48390190,48390190,48390190,48390190,48390190,48390190,48390190,48390190,48390190,48390190,48390190,48390190,48390190,48390190,48390190,48390190,48390190,48390190,48390190,48390190,48390190,48390190,48390190,48390190,48390190,48390190,48390190,48390190,48390190,48390190,48390190,48390190,48390190,48390190,48390190,48390190,48390190,48390190
16,manchesterbythesea,Manchester by the Sea,401639,1658304,3110258,4690104,6854811,7509535,7115706,4053493,2554646,1565643,2960674,1925175,1080284,914141,690019,380330,128077,54655,26049,6025,12670,2464,669,0,0,0,0,0,0,0,0,0,0,0,0,0,0,0,0,0,0,0,0,0,0,0,0,0,0,0,0,0,401639,2059943,5170201,9860305,16715116,24224651,31340357,35161778,37948496,39514139,42474813,44399988,45480272,46394413,47084432,47464762,47592839,47647494,47673543,47682331,47692238,47694702,47695371,47695371,47695371,47695371,47695371,47695371,47695371,47695371,47695371,47695371,47695371,47695371,47695371,47695371,47695371,47695371,47695371,47695371,47695371,47695371,47695371,47695371,47695371,47695371,47695371,47695371,47695371,47695371,47695371,47695371
16,howtobesingle,How to Be Single,23543633,10927233,6732599,2981312,1365945,584971,342562,251146,114112,0,0,0,0,0,0,0,0,0,0,0,0,0,0,0,0,0,0,0,0,0,0,0,0,0,0,0,0,0,0,0,0,0,0,0,0,0,0,0,0,0,0,0,23543633,34470866,41203465,44184777,45550722,46135693,46478255,46729401,46843513,46843513,46843513,46843513,46843513,46843513,46843513,46843513,46843513,46843513,46843513,46843513,46843513,46843513,46843513,46843513,46843513,46843513,46843513,46843513,46843513,46843513,46843513,46843513,46843513,46843513,46843513,46843513,46843513,46843513,46843513,46843513,46843513,46843513,46843513,46843513,46843513,46843513,46843513,46843513,46843513,46843513,46843513,46843513
16,armsandthedudes,War Dogs,20502687,10010273,7261758,2875467,1450003,541794,174137,156531,61873,0,0,0,0,0,0,0,0,0,0,0,0,0,0,0,0,0,0,0,0,0,0,0,0,0,0,0,0,0,0,0,0,0,0,0,0,0,0,0,0,0,0,0,20502687,30512960,37774718,40650185,42100188,42641982,42816119,42972650,43034523,43034523,43034523,43034523,43034523,43034523,43034523,43034523,43034523,43034523,43034523,43034523,43034523,43034523,43034523,43034523,43034523,43034523,43034523,43034523,43034523,43034523,43034523,43034523,43034523,43034523,43034523,43034523,43034523,43034523,43034523,43034523,43034523,43034523,43034523,43034523,43034523,43034523,43034523,43034523,43034523,43034523,43034523,43034523
16,moneymonster,Money Monster,20023647,9628579,6787184,2629260,1018891,350003,163508,200884,121295,56457,20362,12005,0,0,0,0,0,0,0,0,0,0,0,0,0,0,0,0,0,0,0,0,0,0,0,0,0,0,0,0,0,0,0,0,0,0,0,0,0,0,0,0,20023647,29652226,36439410,39068670,40087561,40437564,40601072,40801956,40923251,40979708,41000070,41012075,41012075,41012075,41012075,41012075,41012075,41012075,41012075,41012075,41012075,41012075,41012075,41012075,41012075,41012075,41012075,41012075,41012075,41012075,41012075,41012075,41012075,41012075,41012075,41012075,41012075,41012075,41012075,41012075,41012075,41012075,41012075,41012075,41012075,41012075,41012075,41012075,41012075,41012075,41012075,41012075
16,nerve,Nerve,6051287,15937507,8459601,4154670,1675229,670729,980713,177957,247816,144930,83187,0,0,0,0,0,0,0,0,0,0,0,0,0,0,0,0,0,0,0,0,0,0,0,0,0,0,0,0,0,0,0,0,0,0,0,0,0,0,0,0,0,6051287,21988794,30448395,34603065,36278294,36949023,37929736,38107693,38355509,38500439,38583626,38583626,38583626,38583626,38583626,38583626,38583626,38583626,38583626,38583626,38583626,38583626,38583626,38583626,38583626,38583626,38583626,38583626,38583626,38583626,38583626,38583626,38583626,38583626,38583626,38583626,38583626,38583626,38583626,38583626,38583626,38583626,38583626,38583626,38583626,38583626,38583626,38583626,38583626,38583626,38583626,38583626
16,niceguys,The Nice Guys,15363672,10237178,4941342,2821904,1221735,632116,473267,292329,162761,78702,36757,0,0,0,0,0,0,0,0,0,0,0,0,0,0,0,0,0,0,0,0,0,0,0,0,0,0,0,0,0,0,0,0,0,0,0,0,0,0,0,0,0,15363672,25600850,30542192,33364096,34585831,35217947,35691214,35983543,36146304,36225006,36261763,36261763,36261763,36261763,36261763,36261763,36261763,36261763,36261763,36261763,36261763,36261763,36261763,36261763,36261763,36261763,36261763,36261763,36261763,36261763,36261763,36261763,36261763,36261763,36261763,36261763,36261763,36261763,36261763,36261763,36261763,36261763,36261763,36261763,36261763,36261763,36261763,36261763,36261763,36261763,36261763,36261763
16,dirtygrandpa,Dirty Grandpa,15246010,10093743,5551167,2965553,965468,417584,204570,149018,0,0,0,0,0,0,0,0,0,0,0,0,0,0,0,0,0,0,0,0,0,0,0,0,0,0,0,0,0,0,0,0,0,0,0,0,0,0,0,0,0,0,0,0,15246010,25339753,30890920,33856473,34821941,35239525,35444095,35593113,35593113,35593113,35593113,35593113,35593113,35593113,35593113,35593113,35593113,35593113,35593113,35593113,35593113,35593113,35593113,35593113,35593113,35593113,35593113,35593113,35593113,35593113,35593113,35593113,35593113,35593113,35593113,35593113,35593113,35593113,35593113,35593113,35593113,35593113,35593113,35593113,35593113,35593113,35593113,35593113,35593113,35593113,35593113,35593113
16,5thwave,The 5th Wave,13188149,8777051,4854170,3824496,1600936,1033419,465336,280157,167402,103820,171931,122130,79667,74220,70687,51902,35917,15397,0,0,0,0,0,0,0,0,0,0,0,0,0,0,0,0,0,0,0,0,0,0,0,0,0,0,0,0,0,0,0,0,0,0,13188149,21965200,26819370,30643866,32244802,33278221,33743557,34023714,34191116,34294936,34466867,34588997,34668664,34742884,34813571,34865473,34901390,34916787,34916787,34916787,34916787,34916787,34916787,34916787,34916787,34916787,34916787,34916787,34916787,34916787,34916787,34916787,34916787,34916787,34916787,34916787,34916787,34916787,34916787,34916787,34916787,34916787,34916787,34916787,34916787,34916787,34916787,34916787,34916787,34916787,34916787,34916787
16,mothersday,Mother's Day,11719690,13778430,4675602,1710221,382651,155917,70348,0,0,0,0,0,0,0,0,0,0,0,0,0,0,0,0,0,0,0,0,0,0,0,0,0,0,0,0,0,0,0,0,0,0,0,0,0,0,0,0,0,0,0,0,0,11719690,25498120,30173722,31883943,32266594,32422511,32492859,32492859,32492859,32492859,32492859,32492859,32492859,32492859,32492859,32492859,32492859,32492859,32492859,32492859,32492859,32492859,32492859,32492859,32492859,32492859,32492859,32492859,32492859,32492859,32492859,32492859,32492859,32492859,32492859,32492859,32492859,32492859,32492859,32492859,32492859,32492859,32492859,32492859,32492859,32492859,32492859,32492859,32492859,32492859,32492859,32492859
16,godsofegypt,Gods of Egypt,17848320,6964569,3569887,1563593,426813,170573,244630,129668,113984,77395,44032,0,0,0,0,0,0,0,0,0,0,0,0,0,0,0,0,0,0,0,0,0,0,0,0,0,0,0,0,0,0,0,0,0,0,0,0,0,0,0,0,0,17848320,24812889,28382776,29946369,30373182,30543755,30788385,30918053,31032037,31109432,31153464,31153464,31153464,31153464,31153464,31153464,31153464,31153464,31153464,31153464,31153464,31153464,31153464,31153464,31153464,31153464,31153464,31153464,31153464,31153464,31153464,31153464,31153464,31153464,31153464,31153464,31153464,31153464,31153464,31153464,31153464,31153464,31153464,31153464,31153464,31153464,31153464,31153464,31153464,31153464,31153464,31153464
16,hailcaesar,"Hail, Caesar!",14764970,8748175,3659665,1627580,595505,418975,265355,150000,82890,62210,28895,18185,17900,12695,8795,16110,11440,3210,2560,360,2610,0,0,0,0,0,0,0,0,0,0,0,0,0,0,0,0,0,0,0,0,0,0,0,0,0,0,0,0,0,0,0,14764970,23513145,27172810,28800390,29395895,29814870,30080225,30230225,30313115,30375325,30404220,30422405,30440305,30453000,30461795,30477905,30489345,30492555,30495115,30495475,30498085,30498085,30498085,30498085,30498085,30498085,30498085,30498085,30498085,30498085,30498085,30498085,30498085,30498085,30498085,30498085,30498085,30498085,30498085,30498085,30498085,30498085,30498085,30498085,30498085,30498085,30498085,30498085,30498085,30498085,30498085,30498085
16,zoolander2,Zoolander 2,18218011,6892458,2843998,483571,257766,123027,29862,0,0,0,0,0,0,0,0,0,0,0,0,0,0,0,0,0,0,0,0,0,0,0,0,0,0,0,0,0,0,0,0,0,0,0,0,0,0,0,0,0,0,0,0,0,18218011,25110469,27954467,28438038,28695804,28818831,28848693,28848693,28848693,28848693,28848693,28848693,28848693,28848693,28848693,28848693,28848693,28848693,28848693,28848693,28848693,28848693,28848693,28848693,28848693,28848693,28848693,28848693,28848693,28848693,28848693,28848693,28848693,28848693,28848693,28848693,28848693,28848693,28848693,28848693,28848693,28848693,28848693,28848693,28848693,28848693,28848693,28848693,28848693,28848693,28848693,28848693
16,finesthours,The Finest Hours,13665660,6862186,3935423,1456590,586822,345618,248819,264837,132626,70977,0,0,0,0,0,0,0,0,0,0,0,0,0,0,0,0,0,0,0,0,0,0,0,0,0,0,0,0,0,0,0,0,0,0,0,0,0,0,0,0,0,0,13665660,20527846,24463269,25919859,26506681,26852299,27101118,27365955,27498581,27569558,27569558,27569558,27569558,27569558,27569558,27569558,27569558,27569558,27569558,27569558,27569558,27569558,27569558,27569558,27569558,27569558,27569558,27569558,27569558,27569558,27569558,27569558,27569558,27569558,27569558,27569558,27569558,27569558,27569558,27569558,27569558,27569558,27569558,27569558,27569558,27569558,27569558,27569558,27569558,27569558,27569558,27569558
16,hellorhighwater,Hell or High Water,877687,3961412,5312534,7072101,3576797,2939896,1521699,702316,360243,240087,126961,83868,132596,99647,0,0,0,0,0,0,0,0,0,0,0,0,0,0,0,0,0,0,0,0,0,0,0,0,0,0,0,0,0,0,0,0,0,0,0,0,0,0,877687,4839099,10151633,17223734,20800531,23740427,25262126,25964442,26324685,26564772,26691733,26775601,26908197,27007844,27007844,27007844,27007844,27007844,27007844,27007844,27007844,27007844,27007844,27007844,27007844,27007844,27007844,27007844,27007844,27007844,27007844,27007844,27007844,27007844,27007844,27007844,27007844,27007844,27007844,27007844,27007844,27007844,27007844,27007844,27007844,27007844,27007844,27007844,27007844,27007844,27007844,27007844
16,benhur2016,Ben-Hur (2016),15022877,6485262,3493155,808525,335344,187119,78195,0,0,0,0,0,0,0,0,0,0,0,0,0,0,0,0,0,0,0,0,0,0,0,0,0,0,0,0,0,0,0,0,0,0,0,0,0,0,0,0,0,0,0,0,0,15022877,21508139,25001294,25809819,26145163,26332282,26410477,26410477,26410477,26410477,26410477,26410477,26410477,26410477,26410477,26410477,26410477,26410477,26410477,26410477,26410477,26410477,26410477,26410477,26410477,26410477,26410477,26410477,26410477,26410477,26410477,26410477,26410477,26410477,26410477,26410477,26410477,26410477,26410477,26410477,26410477,26410477,26410477,26410477,26410477,26410477,26410477,26410477,26410477,26410477,26410477,26410477
16,bridgetjonessbaby,Bridget Jones's Baby,11937675,6714060,3308960,1289890,524555,225065,139600,60235,35450,11710,2480,1410,1330,0,0,0,0,0,0,0,0,0,0,0,0,0,0,0,0,0,0,0,0,0,0,0,0,0,0,0,0,0,0,0,0,0,0,0,0,0,0,0,11937675,18651735,21960695,23250585,23775140,24000205,24139805,24200040,24235490,24247200,24249680,24251090,24252420,24252420,24252420,24252420,24252420,24252420,24252420,24252420,24252420,24252420,24252420,24252420,24252420,24252420,24252420,24252420,24252420,24252420,24252420,24252420,24252420,24252420,24252420,24252420,24252420,24252420,24252420,24252420,24252420,24252420,24252420,24252420,24252420,24252420,24252420,24252420,24252420,24252420,24252420,24252420
16,pixar2015,Finding Dory,213317902,117031700,71879641,32235207,18514669,11813811,7121711,3498419,2116104,1439481,952424,3210008,508315,358294,249427,187455,470013,359821,282034,184990,201583,180407,119639,51518,10988,0,0,0,0,0,0,0,0,0,0,0,0,0,0,0,0,0,0,0,0,0,0,0,0,0,0,0,213317902,330349602,402229243,434464450,452979119,464792930,471914641,475413060,477529164,478968645,479921069,483131077,483639392,483997686,484247113,484434568,484904581,485264402,485546436,485731426,485933009,486113416,486233055,486284573,486295561,486295561,486295561,486295561,486295561,486295561,486295561,486295561,486295561,486295561,486295561,486295561,486295561,486295561,486295561,486295561,486295561,486295561,486295561,486295561,486295561,486295561,486295561,486295561,486295561,486295561,486295561,486295561
16,illumination2015,The Secret Life of Pets,152587865,78790880,46589000,30051035,19083295,13849955,8508975,5546485,5290285,1858585,1482340,847500,562735,483020,351175,368905,284735,362855,373355,375270,258775,148595,111160,109755,107795,0,0,0,0,0,0,0,0,0,0,0,0,0,0,0,0,0,0,0,0,0,0,0,0,0,0,0,152587865,231378745,277967745,308018780,327102075,340952030,349461005,355007490,360297775,362156360,363638700,364486200,365048935,365531955,365883130,366252035,366536770,366899625,367272980,367648250,367907025,368055620,368166780,368276535,368384330,368384330,368384330,368384330,368384330,368384330,368384330,368384330,368384330,368384330,368384330,368384330,368384330,368384330,368384330,368384330,368384330,368384330,368384330,368384330,368384330,368384330,368384330,368384330,368384330,368384330,368384330,368384330
16,deadpool2016,Deadpool,180394887,73744122,40619123,22519293,15663958,11532583,7134968,4715805,2788510,1338694,942432,567891,355913,279995,183479,192081,68577,28398,0,0,0,0,0,0,0,0,0,0,0,0,0,0,0,0,0,0,0,0,0,0,0,0,0,0,0,0,0,0,0,0,0,0,180394887,254139009,294758132,317277425,332941383,344473966,351608934,356324739,359113249,360451943,361394375,361962266,362318179,362598174,362781653,362973734,363042311,363070709,363070709,363070709,363070709,363070709,363070709,363070709,363070709,363070709,363070709,363070709,363070709,363070709,363070709,363070709,363070709,363070709,363070709,363070709,363070709,363070709,363070709,363070709,363070709,363070709,363070709,363070709,363070709,363070709,363070709,363070709,363070709,363070709,363070709,363070709
16,superman2015,Batman v Superman: Dawn of Justice,209072793,64177749,29051188,11679873,7340990,4882540,1474110,737776,426906,775848,435468,304953,0,0,0,0,0,0,0,0,0,0,0,0,0,0,0,0,0,0,0,0,0,0,0,0,0,0,0,0,0,0,0,0,0,0,0,0,0,0,0,0,209072793,273250542,302301730,313981603,321322593,326205133,327679243,328417019,328843925,329619773,330055241,330360194,330360194,330360194,330360194,330360194,330360194,330360194,330360194,330360194,330360194,330360194,330360194,330360194,330360194,330360194,330360194,330360194,330360194,330360194,330360194,330360194,330360194,330360194,330360194,330360194,330360194,330360194,330360194,330360194,330360194,330360194,330360194,330360194,330360194,330360194,330360194,330360194,330360194,330360194,330360194,330360194
16,illumination2016,Sing,20612640,102988850,70198155,25415875,21109675,10866180,7635105,4878515,2226110,1241885,611350,517360,736650,439960,310885,228815,149320,84990,38400,38325,66380,0,0,0,0,0,0,0,0,0,0,0,0,0,0,0,0,0,0,0,0,0,0,0,0,0,0,0,0,0,0,0,20612640,123601490,193799645,219215520,240325195,251191375,258826480,263704995,265931105,267172990,267784340,268301700,269038350,269478310,269789195,270018010,270167330,270252320,270290720,270329045,270395425,270395425,270395425,270395425,270395425,270395425,270395425,270395425,270395425,270395425,270395425,270395425,270395425,270395425,270395425,270395425,270395425,270395425,270395425,270395425,270395425,270395425,270395425,270395425,270395425,270395425,270395425,270395425,270395425,270395425,270395425,270395425
16,fantasticbeasts,Fantastic Beasts and Where To Find Them,110927553,54034850,23563500,14125192,8654156,8709543,7241779,2614752,1406667,575230,375297,224052,475167,403839,220018,166964,150382,116932,51702,0,0,0,0,0,0,0,0,0,0,0,0,0,0,0,0,0,0,0,0,0,0,0,0,0,0,0,0,0,0,0,0,0,110927553,164962403,188525903,202651095,211305251,220014794,227256573,229871325,231277992,231853222,232228519,232452571,232927738,233331577,233551595,233718559,233868941,233985873,234037575,234037575,234037575,234037575,234037575,234037575,234037575,234037575,234037575,234037575,234037575,234037575,234037575,234037575,234037575,234037575,234037575,234037575,234037575,234037575,234037575,234037575,234037575,234037575,234037575,234037575,234037575,234037575,234037575,234037575,234037575,234037575,234037575,234037575
16,hiddenfigures,Hidden Figures,1466395,1487783,31428922,33605651,22032943,19280401,14150155,12039580,11448974,7999635,5159747,3958883,2202803,1128801,620391,391433,245017,258099,121069,92449,99740,75959,28983,13839,2922,3365,2833,6469,10282,9120,1340,712,553,3198,250,350,1765,125,4250,536,1282,220283,0,0,0,0,0,0,0,0,0,0,1466395,2954178,34383100,67988751,90021694,109302095,123452250,135491830,146940804,154940439,160100186,164059069,166261872,167390673,168011064,168402497,168647514,168905613,169026682,169119131,169218871,169294830,169323813,169337652,169340574,169343939,169346772,169353241,169363523,169372643,169373983,169374695,169375247,169378446,169378696,169379046,169380811,169380936,169385186,169385722,169387004,169607287,169607287,169607287,169607287,169607287,169607287,169607287,169607287,169607287,169607287,169607287
16,startrek2016,Star Trek Beyond,81720378,35980986,15178585,10051421,5698679,3213273,3802305,1288059,856397,428350,307572,197929,124406,0,0,0,0,0,0,0,0,0,0,0,0,0,0,0,0,0,0,0,0,0,0,0,0,0,0,0,0,0,0,0,0,0,0,0,0,0,0,0,81720378,117701364,132879949,142931370,148630049,151843322,155645627,156933686,157790083,158218433,158526005,158723934,158848340,158848340,158848340,158848340,158848340,158848340,158848340,158848340,158848340,158848340,158848340,158848340,158848340,158848340,158848340,158848340,158848340,158848340,158848340,158848340,158848340,158848340,158848340,158848340,158848340,158848340,158848340,158848340,158848340,158848340,158848340,158848340,158848340,158848340,158848340,158848340,158848340,158848340,158848340,158848340
16,trolls,Trolls,58964315,39750218,26043909,12013003,5608559,3675933,2210221,1400470,1180899,555164,639148,410995,350366,279210,203613,139172,70795,46562,107096,35252,22164,0,0,0,0,0,0,0,0,0,0,0,0,0,0,0,0,0,0,0,0,0,0,0,0,0,0,0,0,0,0,0,58964315,98714533,124758442,136771445,142380004,146055937,148266158,149666628,150847527,151402691,152041839,152452834,152803200,153082410,153286023,153425195,153495990,153542552,153649648,153684900,153707064,153707064,153707064,153707064,153707064,153707064,153707064,153707064,153707064,153707064,153707064,153707064,153707064,153707064,153707064,153707064,153707064,153707064,153707064,153707064,153707064,153707064,153707064,153707064,153707064,153707064,153707064,153707064,153707064,153707064,153707064,153707064
16,kungfupanda3,Kung Fu Panda 3,48050957,26211430,30342197,14850775,10851474,4451035,2655646,1441543,948156,704400,533224,339358,343142,322613,237458,248064,303897,378388,103171,63273,42490,44906,30033,20221,10768,0,0,0,0,0,0,0,0,0,0,0,0,0,0,0,0,0,0,0,0,0,0,0,0,0,0,0,48050957,74262387,104604584,119455359,130306833,134757868,137413515,138855057,139803213,140507613,141040837,141380195,141723337,142045950,142283408,142531472,142835369,143213757,143316928,143380201,143422691,143467597,143497630,143517851,143528619,143528619,143528619,143528619,143528619,143528619,143528619,143528619,143528619,143528619,143528619,143528619,143528619,143528619,143528619,143528619,143528619,143528619,143528619,143528619,143528619,143528619,143528619,143528619,143528619,143528619,143528619,143528619
16,centralintelligence,Central Intelligence,50932458,28504616,20763264,12007965,8109860,4074850,1324738,532666,582563,358239,249652,0,0,0,0,0,0,0,0,0,0,0,0,0,0,0,0,0,0,0,0,0,0,0,0,0,0,0,0,0,0,0,0,0,0,0,0,0,0,0,0,0,50932458,79437074,100200338,112208303,120318163,124393013,125717751,126250417,126832980,127191219,127440871,127440871,127440871,127440871,127440871,127440871,127440871,127440871,127440871,127440871,127440871,127440871,127440871,127440871,127440871,127440871,127440871,127440871,127440871,127440871,127440871,127440871,127440871,127440871,127440871,127440871,127440871,127440871,127440871,127440871,127440871,127440871,127440871,127440871,127440871,127440871,127440871,127440871,127440871,127440871,127440871,127440871
16,sully,Sully,48541351,30022096,18424016,11227969,7196205,3952253,2054075,1342254,724840,462178,265580,295360,173658,107176,75228,79694,72254,23635,19427,10784,0,0,0,0,0,0,0,0,0,0,0,0,0,0,0,0,0,0,0,0,0,0,0,0,0,0,0,0,0,0,0,0,48541351,78563447,96987463,108215432,115411637,119363890,121417965,122760219,123485059,123947237,124212817,124508177,124681835,124789011,124864239,124943933,125016187,125039822,125059249,125070033,125070033,125070033,125070033,125070033,125070033,125070033,125070033,125070033,125070033,125070033,125070033,125070033,125070033,125070033,125070033,125070033,125070033,125070033,125070033,125070033,125070033,125070033,125070033,125070033,125070033,125070033,125070033,125070033,125070033,125070033,125070033,125070033
16,angrybirds,The Angry Birds Movie,47653309,29249417,14566897,10021224,2988946,887821,568802,319475,203535,404611,264254,169593,124954,44718,21161,7210,13439,0,0,0,0,0,0,0,0,0,0,0,0,0,0,0,0,0,0,0,0,0,0,0,0,0,0,0,0,0,0,0,0,0,0,0,47653309,76902726,91469623,101490847,104479793,105367614,105936416,106255891,106459426,106864037,107128291,107297884,107422838,107467556,107488717,107495927,107509366,107509366,107509366,107509366,107509366,107509366,107509366,107509366,107509366,107509366,107509366,107509366,107509366,107509366,107509366,107509366,107509366,107509366,107509366,107509366,107509366,107509366,107509366,107509366,107509366,107509366,107509366,107509366,107509366,107509366,107509366,107509366,107509366,107509366,107509366,107509366
16,conjuring2,The Conjuring 2,56175086,23026348,12232104,6194794,2623329,1306211,389952,268595,145623,78288,29678,0,0,0,0,0,0,0,0,0,0,0,0,0,0,0,0,0,0,0,0,0,0,0,0,0,0,0,0,0,0,0,0,0,0,0,0,0,0,0,0,0,56175086,79201434,91433538,97628332,100251661,101557872,101947824,102216419,102362042,102440330,102470008,102470008,102470008,102470008,102470008,102470008,102470008,102470008,102470008,102470008,102470008,102470008,102470008,102470008,102470008,102470008,102470008,102470008,102470008,102470008,102470008,102470008,102470008,102470008,102470008,102470008,102470008,102470008,102470008,102470008,102470008,102470008,102470008,102470008,102470008,102470008,102470008,102470008,102470008,102470008,102470008,102470008
16,passengers2016,Passengers (2016),7325201,37778412,26989430,12286688,7853457,3058029,1239653,1219695,371175,587668,351340,184456,163307,80709,421316,57489,40540,6134,0,0,0,0,0,0,0,0,0,0,0,0,0,0,0,0,0,0,0,0,0,0,0,0,0,0,0,0,0,0,0,0,0,0,7325201,45103613,72093043,84379731,92233188,95291217,96530870,97750565,98121740,98709408,99060748,99245204,99408511,99489220,99910536,99968025,100008565,100014699,100014699,100014699,100014699,100014699,100014699,100014699,100014699,100014699,100014699,100014699,100014699,100014699,100014699,100014699,100014699,100014699,100014699,100014699,100014699,100014699,100014699,100014699,100014699,100014699,100014699,100014699,100014699,100014699,100014699,100014699,100014699,100014699,100014699,100014699
16,themagnificentseven,The Magnificent Seven (2016),45905901,20859492,12862169,7115805,3142159,1900503,630393,291382,300424,185613,107141,60229,33921,17497,20026,0,0,0,0,0,0,0,0,0,0,0,0,0,0,0,0,0,0,0,0,0,0,0,0,0,0,0,0,0,0,0,0,0,0,0,0,0,45905901,66765393,79627562,86743367,89885526,91786029,92416422,92707804,93008228,93193841,93300982,93361211,93395132,93412629,93432655,93432655,93432655,93432655,93432655,93432655,93432655,93432655,93432655,93432655,93432655,93432655,93432655,93432655,93432655,93432655,93432655,93432655,93432655,93432655,93432655,93432655,93432655,93432655,93432655,93432655,93432655,93432655,93432655,93432655,93432655,93432655,93432655,93432655,93432655,93432655,93432655,93432655
16,dontbreathe,Don't Breathe,35423952,23199206,11105623,7582027,5049129,3211418,1928831,898772,247175,322315,55184,36067,17663,9191,67269,45325,18728,0,0,0,0,0,0,0,0,0,0,0,0,0,0,0,0,0,0,0,0,0,0,0,0,0,0,0,0,0,0,0,0,0,0,0,35423952,58623158,69728781,77310808,82359937,85571355,87500186,88398958,88646133,88968448,89023632,89059699,89077362,89086553,89153822,89199147,89217875,89217875,89217875,89217875,89217875,89217875,89217875,89217875,89217875,89217875,89217875,89217875,89217875,89217875,89217875,89217875,89217875,89217875,89217875,89217875,89217875,89217875,89217875,89217875,89217875,89217875,89217875,89217875,89217875,89217875,89217875,89217875,89217875,89217875,89217875,89217875
16,theaccountant,The Accountant,33895381,18886791,12126022,8247561,5981263,3029356,1329096,1046701,622282,240990,332426,329778,192398,0,0,0,0,0,0,0,0,0,0,0,0,0,0,0,0,0,0,0,0,0,0,0,0,0,0,0,0,0,0,0,0,0,0,0,0,0,0,0,33895381,52782172,64908194,73155755,79137018,82166374,83495470,84542171,85164453,85405443,85737869,86067647,86260045,86260045,86260045,86260045,86260045,86260045,86260045,86260045,86260045,86260045,86260045,86260045,86260045,86260045,86260045,86260045,86260045,86260045,86260045,86260045,86260045,86260045,86260045,86260045,86260045,86260045,86260045,86260045,86260045,86260045,86260045,86260045,86260045,86260045,86260045,86260045,86260045,86260045,86260045,86260045
16,purge3,The Purge: Election Year,46410275,18511385,9320560,3410850,1010150,268275,110945,42190,41680,46375,12260,16830,5120,5155,1325,0,0,0,0,0,0,0,0,0,0,0,0,0,0,0,0,0,0,0,0,0,0,0,0,0,0,0,0,0,0,0,0,0,0,0,0,0,46410275,64921660,74242220,77653070,78663220,78931495,79042440,79084630,79126310,79172685,79184945,79201775,79206895,79212050,79213375,79213375,79213375,79213375,79213375,79213375,79213375,79213375,79213375,79213375,79213375,79213375,79213375,79213375,79213375,79213375,79213375,79213375,79213375,79213375,79213375,79213375,79213375,79213375,79213375,79213375,79213375,79213375,79213375,79213375,79213375,79213375,79213375,79213375,79213375,79213375,79213375,79213375
16,petesdragon2016,Pete's Dragon (2016),31561269,15872109,10318561,9296714,3715872,2578817,1084316,401473,238322,159418,127524,105722,124366,250022,217647,118241,43951,18807,0,0,0,0,0,0,0,0,0,0,0,0,0,0,0,0,0,0,0,0,0,0,0,0,0,0,0,0,0,0,0,0,0,0,31561269,47433378,57751939,67048653,70764525,73343342,74427658,74829131,75067453,75226871,75354395,75460117,75584483,75834505,76052152,76170393,76214344,76233151,76233151,76233151,76233151,76233151,76233151,76233151,76233151,76233151,76233151,76233151,76233151,76233151,76233151,76233151,76233151,76233151,76233151,76233151,76233151,76233151,76233151,76233151,76233151,76233151,76233151,76233151,76233151,76233151,76233151,76233151,76233151,76233151,76233151,76233151
16,booamadeahalloween,Boo! A Madea Halloween,35344343,21845712,9668024,4134742,1502211,369722,158005,60439,123145,0,0,0,0,0,0,0,0,0,0,0,0,0,0,0,0,0,0,0,0,0,0,0,0,0,0,0,0,0,0,0,0,0,0,0,0,0,0,0,0,0,0,0,35344343,57190055,66858079,70992821,72495032,72864754,73022759,73083198,73206343,73206343,73206343,73206343,73206343,73206343,73206343,73206343,73206343,73206343,73206343,73206343,73206343,73206343,73206343,73206343,73206343,73206343,73206343,73206343,73206343,73206343,73206343,73206343,73206343,73206343,73206343,73206343,73206343,73206343,73206343,73206343,73206343,73206343,73206343,73206343,73206343,73206343,73206343,73206343,73206343,73206343,73206343,73206343
16,badrobot2016,10 Cloverfield Lane,32676639,17334158,8802263,6162480,3759141,1440070,774997,394644,166414,274461,161535,136196,0,0,0,0,0,0,0,0,0,0,0,0,0,0,0,0,0,0,0,0,0,0,0,0,0,0,0,0,0,0,0,0,0,0,0,0,0,0,0,0,32676639,50010797,58813060,64975540,68734681,70174751,70949748,71344392,71510806,71785267,71946802,72082998,72082998,72082998,72082998,72082998,72082998,72082998,72082998,72082998,72082998,72082998,72082998,72082998,72082998,72082998,72082998,72082998,72082998,72082998,72082998,72082998,72082998,72082998,72082998,72082998,72082998,72082998,72082998,72082998,72082998,72082998,72082998,72082998,72082998,72082998,72082998,72082998,72082998,72082998,72082998,72082998
16,hacksawridge,Hacksaw Ridge,21489321,14614971,10610558,7150106,4697492,3335656,1474772,835969,678500,315138,208955,121891,583034,353801,148539,261179,77893,251840,0,0,0,0,0,0,0,0,0,0,0,0,0,0,0,0,0,0,0,0,0,0,0,0,0,0,0,0,0,0,0,0,0,0,21489321,36104292,46714850,53864956,58562448,61898104,63372876,64208845,64887345,65202483,65411438,65533329,66116363,66470164,66618703,66879882,66957775,67209615,67209615,67209615,67209615,67209615,67209615,67209615,67209615,67209615,67209615,67209615,67209615,67209615,67209615,67209615,67209615,67209615,67209615,67209615,67209615,67209615,67209615,67209615,67209615,67209615,67209615,67209615,67209615,67209615,67209615,67209615,67209615,67209615,67209615,67209615
16,nowyouseeme2,Now You See Me 2,31712529,14691685,9335231,5089768,2024319,1129003,459480,192072,89362,199680,152411,0,0,0,0,0,0,0,0,0,0,0,0,0,0,0,0,0,0,0,0,0,0,0,0,0,0,0,0,0,0,0,0,0,0,0,0,0,0,0,0,0,31712529,46404214,55739445,60829213,62853532,63982535,64442015,64634087,64723449,64923129,65075540,65075540,65075540,65075540,65075540,65075540,65075540,65075540,65075540,65075540,65075540,65075540,65075540,65075540,65075540,65075540,65075540,65075540,65075540,65075540,65075540,65075540,65075540,65075540,65075540,65075540,65075540,65075540,65075540,65075540,65075540,65075540,65075540,65075540,65075540,65075540,65075540,65075540,65075540,65075540,65075540,65075540
16,michelledarnell,The Boss,30181910,13246295,8432920,5491335,2609240,1641770,856630,337595,156935,122930,74995,60415,34960,21985,12030,2910,1030,0,0,0,0,0,0,0,0,0,0,0,0,0,0,0,0,0,0,0,0,0,0,0,0,0,0,0,0,0,0,0,0,0,0,0,30181910,43428205,51861125,57352460,59961700,61603470,62460100,62797695,62954630,63077560,63152555,63212970,63247930,63269915,63281945,63284855,63285885,63285885,63285885,63285885,63285885,63285885,63285885,63285885,63285885,63285885,63285885,63285885,63285885,63285885,63285885,63285885,63285885,63285885,63285885,63285885,63285885,63285885,63285885,63285885,63285885,63285885,63285885,63285885,63285885,63285885,63285885,63285885,63285885,63285885,63285885,63285885
16,miraclesfromheaven,Miracles from Heaven,3557053,21052960,14662914,9733692,6024381,2654786,1446623,695779,325389,227714,382126,380274,171126,126616,80804,69749,49269,37919,25949,0,0,0,0,0,0,0,0,0,0,0,0,0,0,0,0,0,0,0,0,0,0,0,0,0,0,0,0,0,0,0,0,0,3557053,24610013,39272927,49006619,55030812,57685786,59132409,59828188,60153577,60381291,60763417,61143691,61314817,61441433,61522237,61591986,61641255,61679174,61705123,61705123,61705123,61705123,61705123,61705123,61705123,61705123,61705123,61705123,61705123,61705123,61705123,61705123,61705123,61705123,61705123,61705123,61705123,61705123,61705123,61705123,61705123,61705123,61705123,61705123,61705123,61705123,61705123,61705123,61705123,61705123,61705123,61705123
16,whyhim,Why Him?,24558587,17500966,9773494,5032411,1512559,495494,255777,161139,105211,178416,427505,268016,54211,0,0,0,0,0,0,0,0,0,0,0,0,0,0,0,0,0,0,0,0,0,0,0,0,0,0,0,0,0,0,0,0,0,0,0,0,0,0,0,24558587,42059553,51833047,56865458,58378017,58873511,59129288,59290427,59395638,59574054,60001559,60269575,60323786,60323786,60323786,60323786,60323786,60323786,60323786,60323786,60323786,60323786,60323786,60323786,60323786,60323786,60323786,60323786,60323786,60323786,60323786,60323786,60323786,60323786,60323786,60323786,60323786,60323786,60323786,60323786,60323786,60323786,60323786,60323786,60323786,60323786,60323786,60323786,60323786,60323786,60323786,60323786
16,jackreacher2,Jack Reacher: Never Go Back,30129177,13530823,7601711,4407474,1387515,477404,331413,297560,189220,142854,131963,69962,0,0,0,0,0,0,0,0,0,0,0,0,0,0,0,0,0,0,0,0,0,0,0,0,0,0,0,0,0,0,0,0,0,0,0,0,0,0,0,0,30129177,43660000,51261711,55669185,57056700,57534104,57865517,58163077,58352297,58495151,58627114,58697076,58697076,58697076,58697076,58697076,58697076,58697076,58697076,58697076,58697076,58697076,58697076,58697076,58697076,58697076,58697076,58697076,58697076,58697076,58697076,58697076,58697076,58697076,58697076,58697076,58697076,58697076,58697076,58697076,58697076,58697076,58697076,58697076,58697076,58697076,58697076,58697076,58697076,58697076,58697076,58697076
16,mebeforeyou,Me Before You,27612578,14588276,7101897,3584044,1499339,703950,440231,370830,188938,109979,45013,0,0,0,0,0,0,0,0,0,0,0,0,0,0,0,0,0,0,0,0,0,0,0,0,0,0,0,0,0,0,0,0,0,0,0,0,0,0,0,0,0,27612578,42200854,49302751,52886795,54386134,55090084,55530315,55901145,56090083,56200062,56245075,56245075,56245075,56245075,56245075,56245075,56245075,56245075,56245075,56245075,56245075,56245075,56245075,56245075,56245075,56245075,56245075,56245075,56245075,56245075,56245075,56245075,56245075,56245075,56245075,56245075,56245075,56245075,56245075,56245075,56245075,56245075,56245075,56245075,56245075,56245075,56245075,56245075,56245075,56245075,56245075,56245075
16,universalcomedy2016,Neighbors 2: Sorority Rising,29236580,14623645,7108000,3222640,572275,257380,188500,131710,66480,36015,9120,3420,0,0,0,0,0,0,0,0,0,0,0,0,0,0,0,0,0,0,0,0,0,0,0,0,0,0,0,0,0,0,0,0,0,0,0,0,0,0,0,0,29236580,43860225,50968225,54190865,54763140,55020520,55209020,55340730,55407210,55443225,55452345,55455765,55455765,55455765,55455765,55455765,55455765,55455765,55455765,55455765,55455765,55455765,55455765,55455765,55455765,55455765,55455765,55455765,55455765,55455765,55455765,55455765,55455765,55455765,55455765,55455765,55455765,55455765,55455765,55455765,55455765,55455765,55455765,55455765,55455765,55455765,55455765,55455765,55455765,55455765,55455765,55455765
16,officechristmasparty,Office Christmas Party,23068267,13971335,10507073,5715676,1220716,165146,119281,0,0,0,0,0,0,0,0,0,0,0,0,0,0,0,0,0,0,0,0,0,0,0,0,0,0,0,0,0,0,0,0,0,0,0,0,0,0,0,0,0,0,0,0,0,23068267,37039602,47546675,53262351,54483067,54648213,54767494,54767494,54767494,54767494,54767494,54767494,54767494,54767494,54767494,54767494,54767494,54767494,54767494,54767494,54767494,54767494,54767494,54767494,54767494,54767494,54767494,54767494,54767494,54767494,54767494,54767494,54767494,54767494,54767494,54767494,54767494,54767494,54767494,54767494,54767494,54767494,54767494,54767494,54767494,54767494,54767494,54767494,54767494,54767494,54767494,54767494
16,barbershop3,Barbershop: The Next Cut,25201492,13379148,7488203,3611859,2188728,1112162,401711,133525,205622,113942,81628,66316,45715,0,0,0,0,0,0,0,0,0,0,0,0,0,0,0,0,0,0,0,0,0,0,0,0,0,0,0,0,0,0,0,0,0,0,0,0,0,0,0,25201492,38580640,46068843,49680702,51869430,52981592,53383303,53516828,53722450,53836392,53918020,53984336,54030051,54030051,54030051,54030051,54030051,54030051,54030051,54030051,54030051,54030051,54030051,54030051,54030051,54030051,54030051,54030051,54030051,54030051,54030051,54030051,54030051,54030051,54030051,54030051,54030051,54030051,54030051,54030051,54030051,54030051,54030051,54030051,54030051,54030051,54030051,54030051,54030051,54030051,54030051,54030051
16,lion,Lion,159148,163042,248884,282359,2979070,3960216,3249885,3539926,2787342,3335802,5580048,5969761,6752854,5382213,2932895,1943169,1075226,577212,289131,231043,132644,74628,82233,10174,0,0,0,0,0,0,0,0,0,0,0,0,0,0,0,0,0,0,0,0,0,0,0,0,0,0,0,0,159148,322190,571074,853433,3832503,7792719,11042604,14582530,17369872,20705674,26285722,32255483,39008337,44390550,47323445,49266614,50341840,50919052,51208183,51439226,51571870,51646498,51728731,51738905,51738905,51738905,51738905,51738905,51738905,51738905,51738905,51738905,51738905,51738905,51738905,51738905,51738905,51738905,51738905,51738905,51738905,51738905,51738905,51738905,51738905,51738905,51738905,51738905,51738905,51738905,51738905,51738905
16,kuboandthetwostrings,Kubo and the Two Strings,17011378,10850058,9756244,4114294,3119599,1422203,620272,337601,146467,94218,182187,154170,111091,75782,27524,0,0,0,0,0,0,0,0,0,0,0,0,0,0,0,0,0,0,0,0,0,0,0,0,0,0,0,0,0,0,0,0,0,0,0,0,0,17011378,27861436,37617680,41731974,44851573,46273776,46894048,47231649,47378116,47472334,47654521,47808691,47919782,47995564,48023088,48023088,48023088,48023088,48023088,48023088,48023088,48023088,48023088,48023088,48023088,48023088,48023088,48023088,48023088,48023088,48023088,48023088,48023088,48023088,48023088,48023088,48023088,48023088,48023088,48023088,48023088,48023088,48023088,48023088,48023088,48023088,48023088,48023088,48023088,48023088,48023088,48023088
16,warcraft,Warcraft,31191525,10564945,3532455,825210,657470,317320,136730,76920,45895,3270,7100,3595,2855,0,0,0,0,0,0,0,0,0,0,0,0,0,0,0,0,0,0,0,0,0,0,0,0,0,0,0,0,0,0,0,0,0,0,0,0,0,0,0,31191525,41756470,45288925,46114135,46771605,47088925,47225655,47302575,47348470,47351740,47358840,47362435,47365290,47365290,47365290,47365290,47365290,47365290,47365290,47365290,47365290,47365290,47365290,47365290,47365290,47365290,47365290,47365290,47365290,47365290,47365290,47365290,47365290,47365290,47365290,47365290,47365290,47365290,47365290,47365290,47365290,47365290,47365290,47365290,47365290,47365290,47365290,47365290,47365290,47365290,47365290,47365290
16,mikeanddave,Mike and Dave Need Wedding Dates,23823716,12134031,6579365,2268508,466833,181913,205474,104029,125858,55266,31087,13472,11528,8593,0,0,0,0,0,0,0,0,0,0,0,0,0,0,0,0,0,0,0,0,0,0,0,0,0,0,0,0,0,0,0,0,0,0,0,0,0,0,23823716,35957747,42537112,44805620,45272453,45454366,45659840,45763869,45889727,45944993,45976080,45989552,46001080,46009673,46009673,46009673,46009673,46009673,46009673,46009673,46009673,46009673,46009673,46009673,46009673,46009673,46009673,46009673,46009673,46009673,46009673,46009673,46009673,46009673,46009673,46009673,46009673,46009673,46009673,46009673,46009673,46009673,46009673,46009673,46009673,46009673,46009673,46009673,46009673,46009673,46009673,46009673
16,ameyerschristmas,Almost Christmas,18380740,10618520,6647890,3189335,1763445,895495,394555,175205,93595,0,0,0,0,0,0,0,0,0,0,0,0,0,0,0,0,0,0,0,0,0,0,0,0,0,0,0,0,0,0,0,0,0,0,0,0,0,0,0,0,0,0,0,18380740,28999260,35647150,38836485,40599930,41495425,41889980,42065185,42158780,42158780,42158780,42158780,42158780,42158780,42158780,42158780,42158780,42158780,42158780,42158780,42158780,42158780,42158780,42158780,42158780,42158780,42158780,42158780,42158780,42158780,42158780,42158780,42158780,42158780,42158780,42158780,42158780,42158780,42158780,42158780,42158780,42158780,42158780,42158780,42158780,42158780,42158780,42158780,42158780,42158780,42158780,42158780
16,pittcotillard,Allied,5024304,16853128,9756020,5575465,1898105,332183,280985,134059,161201,82614,0,0,0,0,0,0,0,0,0,0,0,0,0,0,0,0,0,0,0,0,0,0,0,0,0,0,0,0,0,0,0,0,0,0,0,0,0,0,0,0,0,0,5024304,21877432,31633452,37208917,39107022,39439205,39720190,39854249,40015450,40098064,40098064,40098064,40098064,40098064,40098064,40098064,40098064,40098064,40098064,40098064,40098064,40098064,40098064,40098064,40098064,40098064,40098064,40098064,40098064,40098064,40098064,40098064,40098064,40098064,40098064,40098064,40098064,40098064,40098064,40098064,40098064,40098064,40098064,40098064,40098064,40098064,40098064,40098064,40098064,40098064,40098064,40098064
16,risen,Risen,15703747,9062176,5379838,3180909,1767477,1183530,335847,101766,24025,16888,65263,43414,15153,0,0,0,0,0,0,0,0,0,0,0,0,0,0,0,0,0,0,0,0,0,0,0,0,0,0,0,0,0,0,0,0,0,0,0,0,0,0,0,15703747,24765923,30145761,33326670,35094147,36277677,36613524,36715290,36739315,36756003,36821466,36864880,36880033,36880033,36880033,36880033,36880033,36880033,36880033,36880033,36880033,36880033,36880033,36880033,36880033,36880033,36880033,36880033,36880033,36880033,36880033,36880033,36880033,36880033,36880033,36880033,36880033,36880033,36880033,36880033,36880033,36880033,36880033,36880033,36880033,36880033,36880033,36880033,36880033,36880033,36880033,36880033
16,boy2016,The Boy (2016),13633916,9163768,5067903,4058391,1728301,1076279,506145,335470,165903,83480,0,0,0,0,0,0,0,0,0,0,0,0,0,0,0,0,0,0,0,0,0,0,0,0,0,0,0,0,0,0,0,0,0,0,0,0,0,0,0,0,0,0,13633916,22797684,27865587,31923978,33652279,34728558,35234703,35570173,35736076,35819556,35819556,35819556,35819556,35819556,35819556,35819556,35819556,35819556,35819556,35819556,35819556,35819556,35819556,35819556,35819556,35819556,35819556,35819556,35819556,35819556,35819556,35819556,35819556,35819556,35819556,35819556,35819556,35819556,35819556,35819556,35819556,35819556,35819556,35819556,35819556,35819556,35819556,35819556,35819556,35819556,35819556,35819556
16,blumhouse3,Ouija: Origin of Evil,17568625,9820625,5120840,2090940,391940,70450,41600,22975,13170,3340,0,0,0,0,0,0,0,0,0,0,0,0,0,0,0,0,0,0,0,0,0,0,0,0,0,0,0,0,0,0,0,0,0,0,0,0,0,0,0,0,0,0,17568625,27389250,32510090,34601030,34992970,35063420,35105020,35127995,35141165,35144505,35144505,35144505,35144505,35144505,35144505,35144505,35144505,35144505,35144505,35144505,35144505,35144505,35144505,35144505,35144505,35144505,35144505,35144505,35144505,35144505,35144505,35144505,35144505,35144505,35144505,35144505,35144505,35144505,35144505,35144505,35144505,35144505,35144505,35144505,35144505,35144505,35144505,35144505,35144505,35144505,35144505,35144505
16,inferno2015,Inferno,19807930,8524085,4401458,897880,218723,137346,92539,27386,84919,81929,48239,21140,0,0,0,0,0,0,0,0,0,0,0,0,0,0,0,0,0,0,0,0,0,0,0,0,0,0,0,0,0,0,0,0,0,0,0,0,0,0,0,0,19807930,28332015,32733473,33631353,33850076,33987422,34079961,34107347,34192266,34274195,34322434,34343574,34343574,34343574,34343574,34343574,34343574,34343574,34343574,34343574,34343574,34343574,34343574,34343574,34343574,34343574,34343574,34343574,34343574,34343574,34343574,34343574,34343574,34343574,34343574,34343574,34343574,34343574,34343574,34343574,34343574,34343574,34343574,34343574,34343574,34343574,34343574,34343574,34343574,34343574,34343574,34343574
16,patriotsday,Patriots Day,95412,385557,284445,158668,16715863,7891296,3579733,1509391,507088,449331,223751,85826,0,0,0,0,0,0,0,0,0,0,0,0,0,0,0,0,0,0,0,0,0,0,0,0,0,0,0,0,0,0,0,0,0,0,0,0,0,0,0,0,95412,480969,765414,924082,17639945,25531241,29110974,30620365,31127453,31576784,31800535,31886361,31886361,31886361,31886361,31886361,31886361,31886361,31886361,31886361,31886361,31886361,31886361,31886361,31886361,31886361,31886361,31886361,31886361,31886361,31886361,31886361,31886361,31886361,31886361,31886361,31886361,31886361,31886361,31886361,31886361,31886361,31886361,31886361,31886361,31886361,31886361,31886361,31886361,31886361,31886361,31886361
16,collateralbeauty,Collateral Beauty,11001500,10654117,6899648,1760974,305013,109099,182497,103173,0,0,0,0,0,0,0,0,0,0,0,0,0,0,0,0,0,0,0,0,0,0,0,0,0,0,0,0,0,0,0,0,0,0,0,0,0,0,0,0,0,0,0,0,11001500,21655617,28555265,30316239,30621252,30730351,30912848,31016021,31016021,31016021,31016021,31016021,31016021,31016021,31016021,31016021,31016021,31016021,31016021,31016021,31016021,31016021,31016021,31016021,31016021,31016021,31016021,31016021,31016021,31016021,31016021,31016021,31016021,31016021,31016021,31016021,31016021,31016021,31016021,31016021,31016021,31016021,31016021,31016021,31016021,31016021,31016021,31016021,31016021,31016021,31016021,31016021
16,whentheboughbreaks,When the Bough Breaks,17172732,6940617,3200567,1551964,599462,166433,16965,13850,58289,26724,0,0,0,0,0,0,0,0,0,0,0,0,0,0,0,0,0,0,0,0,0,0,0,0,0,0,0,0,0,0,0,0,0,0,0,0,0,0,0,0,0,0,17172732,24113349,27313916,28865880,29465342,29631775,29648740,29662590,29720879,29747603,29747603,29747603,29747603,29747603,29747603,29747603,29747603,29747603,29747603,29747603,29747603,29747603,29747603,29747603,29747603,29747603,29747603,29747603,29747603,29747603,29747603,29747603,29747603,29747603,29747603,29747603,29747603,29747603,29747603,29747603,29747603,29747603,29747603,29747603,29747603,29747603,29747603,29747603,29747603,29747603,29747603,29747603
16,moonlight2016,Moonlight (2016),570793,1183905,1662962,1738390,2168847,1655460,1234394,886925,632134,564517,605934,594499,1693623,1032998,2179870,1428510,789635,896930,1332055,3141348,1258743,359998,114142,61062,32312,14873,13484,6589,0,0,0,0,0,0,0,0,0,0,0,0,0,0,0,0,0,0,0,0,0,0,0,0,570793,1754698,3417660,5156050,7324896,8980357,10214751,11101676,11733810,12298327,12904261,13498760,15192383,16225381,18405251,19833761,20623397,21520326,22852381,25993729,27252473,27612470,27726612,27787674,27819986,27834859,27848343,27854932,27854932,27854932,27854932,27854932,27854932,27854932,27854932,27854932,27854932,27854932,27854932,27854932,27854932,27854932,27854932,27854932,27854932,27854932,27854932,27854932,27854932,27854932,27854932,27854932
16,florencefosterjenkins,Florence Foster Jenkins,10105743,6747552,4527624,3488884,1292879,615663,278279,150165,68262,75024,33695,0,0,0,0,0,0,0,0,0,0,0,0,0,0,0,0,0,0,0,0,0,0,0,0,0,0,0,0,0,0,0,0,0,0,0,0,0,0,0,0,0,10105743,16853295,21380919,24869803,26162682,26778345,27056624,27206789,27275051,27350075,27383770,27383770,27383770,27383770,27383770,27383770,27383770,27383770,27383770,27383770,27383770,27383770,27383770,27383770,27383770,27383770,27383770,27383770,27383770,27383770,27383770,27383770,27383770,27383770,27383770,27383770,27383770,27383770,27383770,27383770,27383770,27383770,27383770,27383770,27383770,27383770,27383770,27383770,27383770,27383770,27383770,27383770
16,forest,The Forest,15333634,7973783,2193593,558484,167595,74957,117863,89828,47907,36617,0,0,0,0,0,0,0,0,0,0,0,0,0,0,0,0,0,0,0,0,0,0,0,0,0,0,0,0,0,0,0,0,0,0,0,0,0,0,0,0,0,0,15333634,23307417,25501010,26059494,26227089,26302046,26419909,26509737,26557644,26594261,26594261,26594261,26594261,26594261,26594261,26594261,26594261,26594261,26594261,26594261,26594261,26594261,26594261,26594261,26594261,26594261,26594261,26594261,26594261,26594261,26594261,26594261,26594261,26594261,26594261,26594261,26594261,26594261,26594261,26594261,26594261,26594261,26594261,26594261,26594261,26594261,26594261,26594261,26594261,26594261,26594261,26594261
16,thewitch,The Witch,11608529,6802046,3498508,1439279,584356,251980,639382,182146,51508,40698,20423,12645,4958,2247,0,0,0,0,0,0,0,0,0,0,0,0,0,0,0,0,0,0,0,0,0,0,0,0,0,0,0,0,0,0,0,0,0,0,0,0,0,0,11608529,18410574,21909083,23348362,23932718,24184698,24824080,25006226,25057734,25098432,25118855,25131500,25136458,25138705,25138705,25138705,25138705,25138705,25138705,25138705,25138705,25138705,25138705,25138705,25138705,25138705,25138705,25138705,25138705,25138705,25138705,25138705,25138705,25138705,25138705,25138705,25138705,25138705,25138705,25138705,25138705,25138705,25138705,25138705,25138705,25138705,25138705,25138705,25138705,25138705,25138705,25138705
16,kevinhart2016,Kevin Hart: What Now?,14831645,5396910,2321925,767370,215785,40970,8716,4417,3305,0,0,0,0,0,0,0,0,0,0,0,0,0,0,0,0,0,0,0,0,0,0,0,0,0,0,0,0,0,0,0,0,0,0,0,0,0,0,0,0,0,0,0,14831645,20228555,22550480,23317850,23533635,23574605,23583321,23587738,23591043,23591043,23591043,23591043,23591043,23591043,23591043,23591043,23591043,23591043,23591043,23591043,23591043,23591043,23591043,23591043,23591043,23591043,23591043,23591043,23591043,23591043,23591043,23591043,23591043,23591043,23591043,23591043,23591043,23591043,23591043,23591043,23591043,23591043,23591043,23591043,23591043,23591043,23591043,23591043,23591043,23591043,23591043,23591043
